Title,Media URL,Pinterest board,Thumbnail,Description,Link,Publish date,Keywords
11 Passive Income Ideas You Can Start With AI,https://raw.githubusercontent.com/ailbigshow59/aitoolsworth-pins/main/pin-01-1.png,Passive Income Ideas,,Build income that works while you sleep using free AI tools. Your beginner-friendly guide to passive income in 2026 — no experience needed. Tap to read the full guide. #passiveincome #passiveincomeideas #makemoneyonline #financialfreedom #aitools,https://aitoolsworth.com/best-free-ai-tools/,2026-06-25 08:00,passiveincome passiveincomeideas makemoneyonline financialfreedom aitools
6 Beginner-Friendly AI Side Hustles That Actually Pay,https://raw.githubusercontent.com/ailbigshow59/aitoolsworth-pins/main/pin-01-2.png,Side Hustle Ideas,,"Start from home with zero experience and a few free AI tools. Everything you need to get started with side hustles this year, using free AI tools. Click for the complete list of tools. #sidehustle #sidehustleideas #makemoneyonline #workfromhome #aitools",https://aitoolsworth.com/best-free-ai-tools/,2026-06-25 14:00,sidehustle sidehustleideas makemoneyonline workfromhome aitools
How to Work From Home Using AI in 2026,https://raw.githubusercontent.com/ailbigshow59/aitoolsworth-pins/main/pin-01-3.png,Work From Home Jobs,,"Work from anywhere using AI tools that save you hours. The smart, step-by-step way to succeed at working from home with the best AI tools of 2026. Save this and start today. #workfromhome #workfromhomejobs #remotework #makemoneyonline #onlinejobs",https://aitoolsworth.com/best-ai-tools-for-small-business/,2026-06-25 16:00,workfromhome workfromhomejobs remotework makemoneyonline onlinejobs
10 AI-Made Products That Sell on Etsy,https://raw.githubusercontent.com/ailbigshow59/aitoolsworth-pins/main/pin-01-4.png,Etsy Shop Ideas,,"Create products to sell on Etsy in minutes with AI. A simple, proven path to selling on Etsy — perfect for beginners. Read the full breakdown on aitoolsworth.com. #etsy #etsyshop #digitalproducts #etsyseller #passiveincome",https://aitoolsworth.com/best-ai-image-generators/,2026-06-25 20:00,etsy etsyshop digitalproducts etsyseller passiveincome
Make Your First $100 Online With These AI Tools,https://raw.githubusercontent.com/ailbigshow59/aitoolsworth-pins/main/pin-01-5.png,Make Money Online,,"Start earning online today with free, beginner-friendly AI tools. Your beginner-friendly guide to making money online in 2026 — no experience needed. Get all the steps and tools inside. #makemoneyonline #makemoney #onlinebusiness #sidehustle #aitools",https://aitoolsworth.com/best-free-ai-tools/,2026-06-25 22:00,makemoneyonline makemoney onlinebusiness sidehustle aitools
12 Digital Products You Can Create and Sell With AI,https://raw.githubusercontent.com/ailbigshow59/aitoolsworth-pins/main/pin-02-1.png,Digital Products to Sell,,"Create digital products once and sell them forever with AI. Everything you need to get started with selling digital products this year, using free AI tools. Tap to read the full guide. #digitalproducts #digitalproductstosell #passiveincome #etsyseller #sellonline",https://aitoolsworth.com/best-ai-image-generators/,2026-06-26 08:00,digitalproducts digitalproductstosell passiveincome etsyseller sellonline
Make Money While You Sleep — 6 AI Tools to Try,https://raw.githubusercontent.com/ailbigshow59/aitoolsworth-pins/main/pin-02-2.png,Passive Income Ideas,,"These AI tools do the heavy lifting so you earn on autopilot. The smart, step-by-step way to succeed at passive income with the best AI tools of 2026. Click for the complete list of tools. #passiveincome #passiveincomeideas #makemoneyonline #financialfreedom #aitools",https://aitoolsworth.com/ai-tools-for-content-creation/,2026-06-26 14:00,passiveincome passiveincomeideas makemoneyonline financialfreedom aitools
The Easiest AI Side Hustle to Start This Week,https://raw.githubusercontent.com/ailbigshow59/aitoolsworth-pins/main/pin-02-3.png,Side Hustle Ideas,,"Low effort, high upside — these AI side hustles fit any schedule. A simple, proven path to side hustles — perfect for beginners. Save this and start today. #sidehustle #sidehustleideas #makemoneyonline #workfromhome #aitools",https://aitoolsworth.com/best-ai-video-generators/,2026-06-26 16:00,sidehustle sidehustleideas makemoneyonline workfromhome aitools
Work From Home for Students: 9 AI-Powered Ideas,https://raw.githubusercontent.com/ailbigshow59/aitoolsworth-pins/main/pin-02-4.png,Work From Home Jobs,,"Legit, flexible, and beginner-friendly — powered by AI. Your beginner-friendly guide to working from home in 2026 — no experience needed. Read the full breakdown on aitoolsworth.com. #workfromhome #workfromhomejobs #remotework #makemoneyonline #onlinejobs",https://aitoolsworth.com/best-free-ai-tools/,2026-06-26 20:00,workfromhome workfromhomejobs remotework makemoneyonline onlinejobs
9 Etsy Digital Product Ideas Powered by AI,https://raw.githubusercontent.com/ailbigshow59/aitoolsworth-pins/main/pin-02-5.png,Etsy Shop Ideas,,"Design once, sell forever — AI makes Etsy products easy. Everything you need to get started with selling on Etsy this year, using free AI tools. Get all the steps and tools inside. #etsy #etsyshop #digitalproducts #etsyseller #passiveincome",https://aitoolsworth.com/midjourney-review/,2026-06-26 22:00,etsy etsyshop digitalproducts etsyseller passiveincome
Make Money Online for Students: 12 AI Methods,https://raw.githubusercontent.com/ailbigshow59/aitoolsworth-pins/main/pin-03-1.png,Make Money Online,,"No upfront cost — these AI tools help you make money online fast. The smart, step-by-step way to succeed at making money online with the best AI tools of 2026. Tap to read the full guide. #makemoneyonline #makemoney #onlinebusiness #sidehustle #aitools",https://aitoolsworth.com/best-ai-writing-tools/,2026-06-27 08:00,makemoneyonline makemoney onlinebusiness sidehustle aitools
Digital Products to Sell for Beginners: 10 AI Ideas,https://raw.githubusercontent.com/ailbigshow59/aitoolsworth-pins/main/pin-03-2.png,Digital Products to Sell,,"Templates, planners, ebooks and art — all made with AI. A simple, proven path to selling digital products — perfect for beginners. Click for the complete list of tools. #digitalproducts #digitalproductstosell #passiveincome #etsyseller #sellonline",https://aitoolsworth.com/best-ai-writing-tools/,2026-06-27 14:00,digitalproducts digitalproductstosell passiveincome etsyseller sellonline
8 Passive Income Ideas That Run on Autopilot With AI,https://raw.githubusercontent.com/ailbigshow59/aitoolsworth-pins/main/pin-03-3.png,Passive Income Ideas,,Perfect for beginners who want passive income without a big budget. Your beginner-friendly guide to passive income in 2026 — no experience needed. Save this and start today. #passiveincome #passiveincomeideas #makemoneyonline #financialfreedom #aitools,https://aitoolsworth.com/best-ai-tools-2026/,2026-06-27 16:00,passiveincome passiveincomeideas makemoneyonline financialfreedom aitools
No Skills? 6 AI Side Hustles Anyone Can Do,https://raw.githubusercontent.com/ailbigshow59/aitoolsworth-pins/main/pin-03-4.png,Side Hustle Ideas,,"Turn one hour a day into a real side income with AI. Everything you need to get started with side hustles this year, using free AI tools. Read the full breakdown on aitoolsworth.com. #sidehustle #sidehustleideas #makemoneyonline #workfromhome #aitools",https://aitoolsworth.com/best-ai-image-generators/,2026-06-27 20:00,sidehustle sidehustleideas makemoneyonline workfromhome aitools
Work From Home in 2026: 6 AI Tools You Need,https://raw.githubusercontent.com/ailbigshow59/aitoolsworth-pins/main/pin-03-5.png,Work From Home Jobs,,"No commute, no boss — just you and a few smart AI tools. The smart, step-by-step way to succeed at working from home with the best AI tools of 2026. Get all the steps and tools inside. #workfromhome #workfromhomejobs #remotework #makemoneyonline #onlinejobs",https://aitoolsworth.com/ai-tools-for-content-creation/,2026-06-27 22:00,workfromhome workfromhomejobs remotework makemoneyonline onlinejobs
10 Etsy Shop Ideas You Can Make With AI,https://raw.githubusercontent.com/ailbigshow59/aitoolsworth-pins/main/pin-04-1.png,Etsy Shop Ideas,,"Stand out on Etsy with AI-made art, printables and listings. A simple, proven path to selling on Etsy — perfect for beginners. Tap to read the full guide. #etsy #etsyshop #digitalproducts #etsyseller #passiveincome",https://aitoolsworth.com/leonardo-ai-review/,2026-06-28 08:00,etsy etsyshop digitalproducts etsyseller passiveincome
How to Make Money Online With AI (Step by Step),https://raw.githubusercontent.com/ailbigshow59/aitoolsworth-pins/main/pin-04-2.png,Make Money Online,,"From zero to your first dollar online, powered by AI. Your beginner-friendly guide to making money online in 2026 — no experience needed. Click for the complete list of tools. #makemoneyonline #makemoney #onlinebusiness #sidehustle #aitools",https://aitoolsworth.com/best-ai-video-generators/,2026-06-28 14:00,makemoneyonline makemoney onlinebusiness sidehustle aitools
"Create Once, Sell Forever: 5 AI Digital Products",https://raw.githubusercontent.com/ailbigshow59/aitoolsworth-pins/main/pin-04-3.png,Digital Products to Sell,,"The easiest digital products to create and sell using AI. Everything you need to get started with selling digital products this year, using free AI tools. Save this and start today. #digitalproducts #digitalproductstosell #passiveincome #etsyseller #sellonline",https://aitoolsworth.com/best-ai-presentation-makers/,2026-06-28 16:00,digitalproducts digitalproductstosell passiveincome etsyseller sellonline
12 AI-Powered Passive Income Streams for Beginners,https://raw.githubusercontent.com/ailbigshow59/aitoolsworth-pins/main/pin-04-4.png,Passive Income Ideas,,"Build income that works while you sleep using free AI tools. The smart, step-by-step way to succeed at passive income with the best AI tools of 2026. Read the full breakdown on aitoolsworth.com. #passiveincome #passiveincomeideas #makemoneyonline #financialfreedom #aitools",https://aitoolsworth.com/best-ai-image-generators/,2026-06-28 20:00,passiveincome passiveincomeideas makemoneyonline financialfreedom aitools
How to Start a Side Hustle With AI (No Experience Needed),https://raw.githubusercontent.com/ailbigshow59/aitoolsworth-pins/main/pin-04-5.png,Side Hustle Ideas,,"Start from home with zero experience and a few free AI tools. A simple, proven path to side hustles — perfect for beginners. Get all the steps and tools inside. #sidehustle #sidehustleideas #makemoneyonline #workfromhome #aitools",https://aitoolsworth.com/ai-tools-for-content-creation/,2026-06-28 22:00,sidehustle sidehustleideas makemoneyonline workfromhome aitools
Quit the 9-5: 5 AI Work-From-Home Ideas,https://raw.githubusercontent.com/ailbigshow59/aitoolsworth-pins/main/pin-05-1.png,Work From Home Jobs,,Work from anywhere using AI tools that save you hours. Your beginner-friendly guide to working from home in 2026 — no experience needed. Tap to read the full guide. #workfromhome #workfromhomejobs #remotework #makemoneyonline #onlinejobs,https://aitoolsworth.com/best-ai-writing-tools/,2026-06-29 08:00,workfromhome workfromhomejobs remotework makemoneyonline onlinejobs
Sell AI Art on Etsy: 7 Ideas That Make Money,https://raw.githubusercontent.com/ailbigshow59/aitoolsworth-pins/main/pin-05-2.png,Etsy Shop Ideas,,"Create products to sell on Etsy in minutes with AI. Everything you need to get started with selling on Etsy this year, using free AI tools. Click for the complete list of tools. #etsy #etsyshop #digitalproducts #etsyseller #passiveincome",https://aitoolsworth.com/best-ai-tools-2026/,2026-06-29 14:00,etsy etsyshop digitalproducts etsyseller passiveincome
The Fastest Way to Make Money Online With AI,https://raw.githubusercontent.com/ailbigshow59/aitoolsworth-pins/main/pin-05-3.png,Make Money Online,,"Start earning online today with free, beginner-friendly AI tools. The smart, step-by-step way to succeed at making money online with the best AI tools of 2026. Save this and start today. #makemoneyonline #makemoney #onlinebusiness #sidehustle #aitools",https://aitoolsworth.com/ai-tools-for-content-creation/,2026-06-29 16:00,makemoneyonline makemoney onlinebusiness sidehustle aitools
5 Profitable Digital Product Ideas Made With AI,https://raw.githubusercontent.com/ailbigshow59/aitoolsworth-pins/main/pin-05-4.png,Digital Products to Sell,,"Create digital products once and sell them forever with AI. A simple, proven path to selling digital products — perfect for beginners. Read the full breakdown on aitoolsworth.com. #digitalproducts #digitalproductstosell #passiveincome #etsyseller #sellonline",https://aitoolsworth.com/gamma-review/,2026-06-29 20:00,digitalproducts digitalproductstosell passiveincome etsyseller sellonline
No Money? 9 Passive Income Ideas You Can Start Free,https://raw.githubusercontent.com/ailbigshow59/aitoolsworth-pins/main/pin-05-5.png,Passive Income Ideas,,These AI tools do the heavy lifting so you earn on autopilot. Your beginner-friendly guide to passive income in 2026 — no experience needed. Get all the steps and tools inside. #passiveincome #passiveincomeideas #makemoneyonline #financialfreedom #aitools,https://aitoolsworth.com/best-ai-writing-tools/,2026-06-29 22:00,passiveincome passiveincomeideas makemoneyonline financialfreedom aitools
7 AI Side Hustles You Can Start From Home in 2026,https://raw.githubusercontent.com/ailbigshow59/aitoolsworth-pins/main/pin-06-1.png,Side Hustle Ideas,,"Low effort, high upside — these AI side hustles fit any schedule. Everything you need to get started with side hustles this year, using free AI tools. Tap to read the full guide. #sidehustle #sidehustleideas #makemoneyonline #workfromhome #aitools",https://aitoolsworth.com/best-ai-tools-for-small-business/,2026-06-30 08:00,sidehustle sidehustleideas makemoneyonline workfromhome aitools
The AI Tools That Make Working From Home Effortless,https://raw.githubusercontent.com/ailbigshow59/aitoolsworth-pins/main/pin-06-2.png,Work From Home Jobs,,"Legit, flexible, and beginner-friendly — powered by AI. The smart, step-by-step way to succeed at working from home with the best AI tools of 2026. Click for the complete list of tools. #workfromhome #workfromhomejobs #remotework #makemoneyonline #onlinejobs",https://aitoolsworth.com/best-ai-chatbots/,2026-06-30 14:00,workfromhome workfromhomejobs remotework makemoneyonline onlinejobs
Start an Etsy Shop With Zero Inventory Using AI,https://raw.githubusercontent.com/ailbigshow59/aitoolsworth-pins/main/pin-06-3.png,Etsy Shop Ideas,,"Design once, sell forever — AI makes Etsy products easy. A simple, proven path to selling on Etsy — perfect for beginners. Save this and start today. #etsy #etsyshop #digitalproducts #etsyseller #passiveincome",https://aitoolsworth.com/ai-tools-for-content-creation/,2026-06-30 16:00,etsy etsyshop digitalproducts etsyseller passiveincome
No Budget? 11 Ways to Make Money Online With Free AI,https://raw.githubusercontent.com/ailbigshow59/aitoolsworth-pins/main/pin-06-4.png,Make Money Online,,No upfront cost — these AI tools help you make money online fast. Your beginner-friendly guide to making money online in 2026 — no experience needed. Read the full breakdown on aitoolsworth.com. #makemoneyonline #makemoney #onlinebusiness #sidehustle #aitools,https://aitoolsworth.com/best-ai-marketing-tools/,2026-06-30 20:00,makemoneyonline makemoney onlinebusiness sidehustle aitools
Turn AI Into Sellable Digital Products (Beginner Guide),https://raw.githubusercontent.com/ailbigshow59/aitoolsworth-pins/main/pin-06-5.png,Digital Products to Sell,,"Templates, planners, ebooks and art — all made with AI. Everything you need to get started with selling digital products this year, using free AI tools. Get all the steps and tools inside. #digitalproducts #digitalproductstosell #passiveincome #etsyseller #sellonline",https://aitoolsworth.com/best-ai-tools-2026/,2026-06-30 22:00,digitalproducts digitalproductstosell passiveincome etsyseller sellonline
Passive Income for Beginners: 6 AI Ideas That Work,https://raw.githubusercontent.com/ailbigshow59/aitoolsworth-pins/main/pin-07-1.png,Passive Income Ideas,,"Perfect for beginners who want passive income without a big budget. The smart, step-by-step way to succeed at passive income with the best AI tools of 2026. Tap to read the full guide. #passiveincome #passiveincomeideas #makemoneyonline #financialfreedom #aitools",https://aitoolsworth.com/best-free-ai-tools/,2026-07-01 08:00,passiveincome passiveincomeideas makemoneyonline financialfreedom aitools
AI Side Hustles for Women: 12 Ideas That Work,https://raw.githubusercontent.com/ailbigshow59/aitoolsworth-pins/main/pin-07-2.png,Side Hustle Ideas,,"Turn one hour a day into a real side income with AI. A simple, proven path to side hustles — perfect for beginners. Click for the complete list of tools. #sidehustle #sidehustleideas #makemoneyonline #workfromhome #aitools",https://aitoolsworth.com/best-free-ai-tools/,2026-07-01 14:00,sidehustle sidehustleideas makemoneyonline workfromhome aitools
6 Flexible Work-From-Home Jobs Using Free AI,https://raw.githubusercontent.com/ailbigshow59/aitoolsworth-pins/main/pin-07-3.png,Work From Home Jobs,,"No commute, no boss — just you and a few smart AI tools. Your beginner-friendly guide to working from home in 2026 — no experience needed. Save this and start today. #workfromhome #workfromhomejobs #remotework #makemoneyonline #onlinejobs",https://aitoolsworth.com/best-ai-tools-for-small-business/,2026-07-01 16:00,workfromhome workfromhomejobs remotework makemoneyonline onlinejobs
11 Etsy Shop Ideas for Beginners (AI Tools Inside),https://raw.githubusercontent.com/ailbigshow59/aitoolsworth-pins/main/pin-07-4.png,Etsy Shop Ideas,,"Stand out on Etsy with AI-made art, printables and listings. Everything you need to get started with selling on Etsy this year, using free AI tools. Read the full breakdown on aitoolsworth.com. #etsy #etsyshop #digitalproducts #etsyseller #passiveincome",https://aitoolsworth.com/best-ai-image-generators/,2026-07-01 20:00,etsy etsyshop digitalproducts etsyseller passiveincome
8 Free AI Tools to Make Money Online,https://raw.githubusercontent.com/ailbigshow59/aitoolsworth-pins/main/pin-07-5.png,Make Money Online,,"From zero to your first dollar online, powered by AI. The smart, step-by-step way to succeed at making money online with the best AI tools of 2026. Get all the steps and tools inside. #makemoneyonline #makemoney #onlinebusiness #sidehustle #aitools",https://aitoolsworth.com/best-free-ai-tools/,2026-07-01 22:00,makemoneyonline makemoney onlinebusiness sidehustle aitools
9 Easy Digital Products You Can Make With AI Today,https://raw.githubusercontent.com/ailbigshow59/aitoolsworth-pins/main/pin-08-1.png,Digital Products to Sell,,"The easiest digital products to create and sell using AI. A simple, proven path to selling digital products — perfect for beginners. Tap to read the full guide. #digitalproducts #digitalproductstosell #passiveincome #etsyseller #sellonline",https://aitoolsworth.com/best-ai-image-generators/,2026-07-02 08:00,digitalproducts digitalproductstosell passiveincome etsyseller sellonline
How to Build Passive Income With AI in 2026,https://raw.githubusercontent.com/ailbigshow59/aitoolsworth-pins/main/pin-08-2.png,Passive Income Ideas,,Build income that works while you sleep using free AI tools. Your beginner-friendly guide to passive income in 2026 — no experience needed. Click for the complete list of tools. #passiveincome #passiveincomeideas #makemoneyonline #financialfreedom #aitools,https://aitoolsworth.com/ai-tools-for-content-creation/,2026-07-02 14:00,passiveincome passiveincomeideas makemoneyonline financialfreedom aitools
7 Low-Effort AI Side Hustles for 2026,https://raw.githubusercontent.com/ailbigshow59/aitoolsworth-pins/main/pin-08-3.png,Side Hustle Ideas,,"Start from home with zero experience and a few free AI tools. Everything you need to get started with side hustles this year, using free AI tools. Save this and start today. #sidehustle #sidehustleideas #makemoneyonline #workfromhome #aitools",https://aitoolsworth.com/best-ai-video-generators/,2026-07-02 16:00,sidehustle sidehustleideas makemoneyonline workfromhome aitools
11 Remote Income Ideas Powered by AI,https://raw.githubusercontent.com/ailbigshow59/aitoolsworth-pins/main/pin-08-4.png,Work From Home Jobs,,"Work from anywhere using AI tools that save you hours. The smart, step-by-step way to succeed at working from home with the best AI tools of 2026. Read the full breakdown on aitoolsworth.com. #workfromhome #workfromhomejobs #remotework #makemoneyonline #onlinejobs",https://aitoolsworth.com/best-free-ai-tools/,2026-07-02 20:00,workfromhome workfromhomejobs remotework makemoneyonline onlinejobs
Etsy Digital Products to Sell — Made With AI,https://raw.githubusercontent.com/ailbigshow59/aitoolsworth-pins/main/pin-08-5.png,Etsy Shop Ideas,,"Create products to sell on Etsy in minutes with AI. A simple, proven path to selling on Etsy — perfect for beginners. Get all the steps and tools inside. #etsy #etsyshop #digitalproducts #etsyseller #passiveincome",https://aitoolsworth.com/midjourney-review/,2026-07-02 22:00,etsy etsyshop digitalproducts etsyseller passiveincome
11 Proven Ways to Make Money Online Using AI,https://raw.githubusercontent.com/ailbigshow59/aitoolsworth-pins/main/pin-09-1.png,Make Money Online,,"Start earning online today with free, beginner-friendly AI tools. Your beginner-friendly guide to making money online in 2026 — no experience needed. Tap to read the full guide. #makemoneyonline #makemoney #onlinebusiness #sidehustle #aitools",https://aitoolsworth.com/best-ai-writing-tools/,2026-07-03 08:00,makemoneyonline makemoney onlinebusiness sidehustle aitools
7 Best Digital Products to Sell Online in 2026,https://raw.githubusercontent.com/ailbigshow59/aitoolsworth-pins/main/pin-09-2.png,Digital Products to Sell,,"Create digital products once and sell them forever with AI. Everything you need to get started with selling digital products this year, using free AI tools. Click for the complete list of tools. #digitalproducts #digitalproductstosell #passiveincome #etsyseller #sellonline",https://aitoolsworth.com/best-ai-writing-tools/,2026-07-03 14:00,digitalproducts digitalproductstosell passiveincome etsyseller sellonline
The Lazy Way to Passive Income (Thanks to AI),https://raw.githubusercontent.com/ailbigshow59/aitoolsworth-pins/main/pin-09-3.png,Passive Income Ideas,,"These AI tools do the heavy lifting so you earn on autopilot. The smart, step-by-step way to succeed at passive income with the best AI tools of 2026. Save this and start today. #passiveincome #passiveincomeideas #makemoneyonline #financialfreedom #aitools",https://aitoolsworth.com/best-ai-tools-2026/,2026-07-03 16:00,passiveincome passiveincomeideas makemoneyonline financialfreedom aitools
Side Hustle From Home: 5 AI Ideas to Start Today,https://raw.githubusercontent.com/ailbigshow59/aitoolsworth-pins/main/pin-09-4.png,Side Hustle Ideas,,"Low effort, high upside — these AI side hustles fit any schedule. A simple, proven path to side hustles — perfect for beginners. Read the full breakdown on aitoolsworth.com. #sidehustle #sidehustleideas #makemoneyonline #workfromhome #aitools",https://aitoolsworth.com/best-ai-image-generators/,2026-07-03 20:00,sidehustle sidehustleideas makemoneyonline workfromhome aitools
Legit Work-From-Home Ideas (No Experience) + AI Tools,https://raw.githubusercontent.com/ailbigshow59/aitoolsworth-pins/main/pin-09-5.png,Work From Home Jobs,,"Legit, flexible, and beginner-friendly — powered by AI. Your beginner-friendly guide to working from home in 2026 — no experience needed. Get all the steps and tools inside. #workfromhome #workfromhomejobs #remotework #makemoneyonline #onlinejobs",https://aitoolsworth.com/ai-tools-for-content-creation/,2026-07-03 22:00,workfromhome workfromhomejobs remotework makemoneyonline onlinejobs
5 Profitable Etsy Products You Can Create With AI,https://raw.githubusercontent.com/ailbigshow59/aitoolsworth-pins/main/pin-10-1.png,Etsy Shop Ideas,,"Design once, sell forever — AI makes Etsy products easy. Everything you need to get started with selling on Etsy this year, using free AI tools. Tap to read the full guide. #etsy #etsyshop #digitalproducts #etsyseller #passiveincome",https://aitoolsworth.com/leonardo-ai-review/,2026-07-04 08:00,etsy etsyshop digitalproducts etsyseller passiveincome
10 AI Side Incomes You Can Start Online Today,https://raw.githubusercontent.com/ailbigshow59/aitoolsworth-pins/main/pin-10-2.png,Make Money Online,,"No upfront cost — these AI tools help you make money online fast. The smart, step-by-step way to succeed at making money online with the best AI tools of 2026. Click for the complete list of tools. #makemoneyonline #makemoney #onlinebusiness #sidehustle #aitools",https://aitoolsworth.com/best-ai-video-generators/,2026-07-04 14:00,makemoneyonline makemoney onlinebusiness sidehustle aitools
10 AI-Made Digital Products People Actually Buy,https://raw.githubusercontent.com/ailbigshow59/aitoolsworth-pins/main/pin-10-3.png,Digital Products to Sell,,"Templates, planners, ebooks and art — all made with AI. A simple, proven path to selling digital products — perfect for beginners. Save this and start today. #digitalproducts #digitalproductstosell #passiveincome #etsyseller #sellonline",https://aitoolsworth.com/best-ai-presentation-makers/,2026-07-04 16:00,digitalproducts digitalproductstosell passiveincome etsyseller sellonline
10 Realistic Passive Income Ideas Using Free AI Tools,https://raw.githubusercontent.com/ailbigshow59/aitoolsworth-pins/main/pin-10-4.png,Passive Income Ideas,,Perfect for beginners who want passive income without a big budget. Your beginner-friendly guide to passive income in 2026 — no experience needed. Read the full breakdown on aitoolsworth.com. #passiveincome #passiveincomeideas #makemoneyonline #financialfreedom #aitools,https://aitoolsworth.com/best-ai-image-generators/,2026-07-04 20:00,passiveincome passiveincomeideas makemoneyonline financialfreedom aitools
10 Side Hustle Ideas That Use Free AI Tools,https://raw.githubusercontent.com/ailbigshow59/aitoolsworth-pins/main/pin-10-5.png,Side Hustle Ideas,,"Turn one hour a day into a real side income with AI. Everything you need to get started with side hustles this year, using free AI tools. Get all the steps and tools inside. #sidehustle #sidehustleideas #makemoneyonline #workfromhome #aitools",https://aitoolsworth.com/ai-tools-for-content-creation/,2026-07-04 22:00,sidehustle sidehustleideas makemoneyonline workfromhome aitools
10 Online Jobs You Can Do From Home With AI,https://raw.githubusercontent.com/ailbigshow59/aitoolsworth-pins/main/pin-11-1.png,Work From Home Jobs,,"No commute, no boss — just you and a few smart AI tools. The smart, step-by-step way to succeed at working from home with the best AI tools of 2026. Tap to read the full guide. #workfromhome #workfromhomejobs #remotework #makemoneyonline #onlinejobs",https://aitoolsworth.com/best-ai-writing-tools/,2026-07-05 08:00,workfromhome workfromhomejobs remotework makemoneyonline onlinejobs
How to Start an Etsy Shop Using AI in 2026,https://raw.githubusercontent.com/ailbigshow59/aitoolsworth-pins/main/pin-11-2.png,Etsy Shop Ideas,,"Stand out on Etsy with AI-made art, printables and listings. A simple, proven path to selling on Etsy — perfect for beginners. Click for the complete list of tools. #etsy #etsyshop #digitalproducts #etsyseller #passiveincome",https://aitoolsworth.com/best-ai-tools-2026/,2026-07-05 14:00,etsy etsyshop digitalproducts etsyseller passiveincome
Make Money Online While You Sleep — 11 AI Tools,https://raw.githubusercontent.com/ailbigshow59/aitoolsworth-pins/main/pin-11-3.png,Make Money Online,,"From zero to your first dollar online, powered by AI. Your beginner-friendly guide to making money online in 2026 — no experience needed. Save this and start today. #makemoneyonline #makemoney #onlinebusiness #sidehustle #aitools",https://aitoolsworth.com/ai-tools-for-content-creation/,2026-07-05 16:00,makemoneyonline makemoney onlinebusiness sidehustle aitools
The Digital Products That Sell on Autopilot With AI,https://raw.githubusercontent.com/ailbigshow59/aitoolsworth-pins/main/pin-11-4.png,Digital Products to Sell,,"The easiest digital products to create and sell using AI. Everything you need to get started with selling digital products this year, using free AI tools. Read the full breakdown on aitoolsworth.com. #digitalproducts #digitalproductstosell #passiveincome #etsyseller #sellonline",https://aitoolsworth.com/gamma-review/,2026-07-05 20:00,digitalproducts digitalproductstosell passiveincome etsyseller sellonline
Turn AI Into a Passive Income Machine in 2026,https://raw.githubusercontent.com/ailbigshow59/aitoolsworth-pins/main/pin-11-5.png,Passive Income Ideas,,"Build income that works while you sleep using free AI tools. The smart, step-by-step way to succeed at passive income with the best AI tools of 2026. Get all the steps and tools inside. #passiveincome #passiveincomeideas #makemoneyonline #financialfreedom #aitools",https://aitoolsworth.com/best-ai-writing-tools/,2026-07-05 22:00,passiveincome passiveincomeideas makemoneyonline financialfreedom aitools
Turn 1 Hour a Day Into a Side Hustle With AI,https://raw.githubusercontent.com/ailbigshow59/aitoolsworth-pins/main/pin-12-1.png,Side Hustle Ideas,,"Start from home with zero experience and a few free AI tools. A simple, proven path to side hustles — perfect for beginners. Tap to read the full guide. #sidehustle #sidehustleideas #makemoneyonline #workfromhome #aitools",https://aitoolsworth.com/best-ai-tools-for-small-business/,2026-07-06 08:00,sidehustle sidehustleideas makemoneyonline workfromhome aitools
9 Work-From-Home Jobs Made Easy With AI,https://raw.githubusercontent.com/ailbigshow59/aitoolsworth-pins/main/pin-12-2.png,Work From Home Jobs,,Work from anywhere using AI tools that save you hours. Your beginner-friendly guide to working from home in 2026 — no experience needed. Click for the complete list of tools. #workfromhome #workfromhomejobs #remotework #makemoneyonline #onlinejobs,https://aitoolsworth.com/best-ai-chatbots/,2026-07-06 14:00,workfromhome workfromhomejobs remotework makemoneyonline onlinejobs
AI + Etsy = Passive Income: 5 Ideas to Try,https://raw.githubusercontent.com/ailbigshow59/aitoolsworth-pins/main/pin-12-3.png,Etsy Shop Ideas,,"Create products to sell on Etsy in minutes with AI. Everything you need to get started with selling on Etsy this year, using free AI tools. Save this and start today. #etsy #etsyshop #digitalproducts #etsyseller #passiveincome",https://aitoolsworth.com/ai-tools-for-content-creation/,2026-07-06 16:00,etsy etsyshop digitalproducts etsyseller passiveincome
11 Ways to Make Money Online With AI in 2026,https://raw.githubusercontent.com/ailbigshow59/aitoolsworth-pins/main/pin-12-4.png,Make Money Online,,"Start earning online today with free, beginner-friendly AI tools. The smart, step-by-step way to succeed at making money online with the best AI tools of 2026. Read the full breakdown on aitoolsworth.com. #makemoneyonline #makemoney #onlinebusiness #sidehustle #aitools",https://aitoolsworth.com/best-ai-marketing-tools/,2026-07-06 20:00,makemoneyonline makemoney onlinebusiness sidehustle aitools
How to Create Digital Products to Sell Using AI,https://raw.githubusercontent.com/ailbigshow59/aitoolsworth-pins/main/pin-12-5.png,Digital Products to Sell,,"Create digital products once and sell them forever with AI. A simple, proven path to selling digital products — perfect for beginners. Get all the steps and tools inside. #digitalproducts #digitalproductstosell #passiveincome #etsyseller #sellonline",https://aitoolsworth.com/best-ai-tools-2026/,2026-07-06 22:00,digitalproducts digitalproductstosell passiveincome etsyseller sellonline
No Money? 7 Passive Income Ideas You Can Start Free,https://raw.githubusercontent.com/ailbigshow59/aitoolsworth-pins/main/pin-13-1.png,Passive Income Ideas,,These AI tools do the heavy lifting so you earn on autopilot. Your beginner-friendly guide to passive income in 2026 — no experience needed. Tap to read the full guide. #passiveincome #passiveincomeideas #makemoneyonline #financialfreedom #aitools,https://aitoolsworth.com/best-free-ai-tools/,2026-07-07 08:00,passiveincome passiveincomeideas makemoneyonline financialfreedom aitools
8 AI Side Hustles You Can Start From Home in 2026,https://raw.githubusercontent.com/ailbigshow59/aitoolsworth-pins/main/pin-13-2.png,Side Hustle Ideas,,"Low effort, high upside — these AI side hustles fit any schedule. Everything you need to get started with side hustles this year, using free AI tools. Click for the complete list of tools. #sidehustle #sidehustleideas #makemoneyonline #workfromhome #aitools",https://aitoolsworth.com/best-free-ai-tools/,2026-07-07 14:00,sidehustle sidehustleideas makemoneyonline workfromhome aitools
Quit the 9-5: 7 AI Work-From-Home Ideas,https://raw.githubusercontent.com/ailbigshow59/aitoolsworth-pins/main/pin-13-3.png,Work From Home Jobs,,"Legit, flexible, and beginner-friendly — powered by AI. The smart, step-by-step way to succeed at working from home with the best AI tools of 2026. Save this and start today. #workfromhome #workfromhomejobs #remotework #makemoneyonline #onlinejobs",https://aitoolsworth.com/best-ai-tools-for-small-business/,2026-07-07 16:00,workfromhome workfromhomejobs remotework makemoneyonline onlinejobs
Sell AI Art on Etsy: 6 Ideas That Make Money,https://raw.githubusercontent.com/ailbigshow59/aitoolsworth-pins/main/pin-13-4.png,Etsy Shop Ideas,,"Design once, sell forever — AI makes Etsy products easy. A simple, proven path to selling on Etsy — perfect for beginners. Read the full breakdown on aitoolsworth.com. #etsy #etsyshop #digitalproducts #etsyseller #passiveincome",https://aitoolsworth.com/best-ai-image-generators/,2026-07-07 20:00,etsy etsyshop digitalproducts etsyseller passiveincome
6 AI Side Incomes You Can Start Online Today,https://raw.githubusercontent.com/ailbigshow59/aitoolsworth-pins/main/pin-13-5.png,Make Money Online,,No upfront cost — these AI tools help you make money online fast. Your beginner-friendly guide to making money online in 2026 — no experience needed. Get all the steps and tools inside. #makemoneyonline #makemoney #onlinebusiness #sidehustle #aitools,https://aitoolsworth.com/best-free-ai-tools/,2026-07-07 22:00,makemoneyonline makemoney onlinebusiness sidehustle aitools
7 Digital Products You Can Create and Sell With AI,https://raw.githubusercontent.com/ailbigshow59/aitoolsworth-pins/main/pin-14-1.png,Digital Products to Sell,,"Templates, planners, ebooks and art — all made with AI. Everything you need to get started with selling digital products this year, using free AI tools. Tap to read the full guide. #digitalproducts #digitalproductstosell #passiveincome #etsyseller #sellonline",https://aitoolsworth.com/best-ai-image-generators/,2026-07-08 08:00,digitalproducts digitalproductstosell passiveincome etsyseller sellonline
No Money? 11 Passive Income Ideas You Can Start Free,https://raw.githubusercontent.com/ailbigshow59/aitoolsworth-pins/main/pin-14-2.png,Passive Income Ideas,,"Perfect for beginners who want passive income without a big budget. The smart, step-by-step way to succeed at passive income with the best AI tools of 2026. Click for the complete list of tools. #passiveincome #passiveincomeideas #makemoneyonline #financialfreedom #aitools",https://aitoolsworth.com/ai-tools-for-content-creation/,2026-07-08 14:00,passiveincome passiveincomeideas makemoneyonline financialfreedom aitools
5 Beginner-Friendly AI Side Hustles That Actually Pay,https://raw.githubusercontent.com/ailbigshow59/aitoolsworth-pins/main/pin-14-3.png,Side Hustle Ideas,,"Turn one hour a day into a real side income with AI. A simple, proven path to side hustles — perfect for beginners. Save this and start today. #sidehustle #sidehustleideas #makemoneyonline #workfromhome #aitools",https://aitoolsworth.com/best-ai-video-generators/,2026-07-08 16:00,sidehustle sidehustleideas makemoneyonline workfromhome aitools
Work From Home in 2026: 9 AI Tools You Need,https://raw.githubusercontent.com/ailbigshow59/aitoolsworth-pins/main/pin-14-4.png,Work From Home Jobs,,"No commute, no boss — just you and a few smart AI tools. Your beginner-friendly guide to working from home in 2026 — no experience needed. Read the full breakdown on aitoolsworth.com. #workfromhome #workfromhomejobs #remotework #makemoneyonline #onlinejobs",https://aitoolsworth.com/best-free-ai-tools/,2026-07-08 20:00,workfromhome workfromhomejobs remotework makemoneyonline onlinejobs
6 AI-Made Products That Sell on Etsy,https://raw.githubusercontent.com/ailbigshow59/aitoolsworth-pins/main/pin-14-5.png,Etsy Shop Ideas,,"Stand out on Etsy with AI-made art, printables and listings. Everything you need to get started with selling on Etsy this year, using free AI tools. Get all the steps and tools inside. #etsy #etsyshop #digitalproducts #etsyseller #passiveincome",https://aitoolsworth.com/midjourney-review/,2026-07-08 22:00,etsy etsyshop digitalproducts etsyseller passiveincome
Make Money Online While You Sleep — 7 AI Tools,https://raw.githubusercontent.com/ailbigshow59/aitoolsworth-pins/main/pin-15-1.png,Make Money Online,,"From zero to your first dollar online, powered by AI. The smart, step-by-step way to succeed at making money online with the best AI tools of 2026. Tap to read the full guide. #makemoneyonline #makemoney #onlinebusiness #sidehustle #aitools",https://aitoolsworth.com/best-ai-writing-tools/,2026-07-09 08:00,makemoneyonline makemoney onlinebusiness sidehustle aitools
"Create Once, Sell Forever: 6 AI Digital Products",https://raw.githubusercontent.com/ailbigshow59/aitoolsworth-pins/main/pin-15-2.png,Digital Products to Sell,,"The easiest digital products to create and sell using AI. A simple, proven path to selling digital products — perfect for beginners. Click for the complete list of tools. #digitalproducts #digitalproductstosell #passiveincome #etsyseller #sellonline",https://aitoolsworth.com/best-ai-writing-tools/,2026-07-09 14:00,digitalproducts digitalproductstosell passiveincome etsyseller sellonline
9 AI-Powered Passive Income Streams for Beginners,https://raw.githubusercontent.com/ailbigshow59/aitoolsworth-pins/main/pin-15-3.png,Passive Income Ideas,,Build income that works while you sleep using free AI tools. Your beginner-friendly guide to passive income in 2026 — no experience needed. Save this and start today. #passiveincome #passiveincomeideas #makemoneyonline #financialfreedom #aitools,https://aitoolsworth.com/best-ai-tools-2026/,2026-07-09 16:00,passiveincome passiveincomeideas makemoneyonline financialfreedom aitools
12 AI Side Hustles You Can Start From Home in 2026,https://raw.githubusercontent.com/ailbigshow59/aitoolsworth-pins/main/pin-15-4.png,Side Hustle Ideas,,"Start from home with zero experience and a few free AI tools. Everything you need to get started with side hustles this year, using free AI tools. Read the full breakdown on aitoolsworth.com. #sidehustle #sidehustleideas #makemoneyonline #workfromhome #aitools",https://aitoolsworth.com/best-ai-image-generators/,2026-07-09 20:00,sidehustle sidehustleideas makemoneyonline workfromhome aitools
Work From Home in 2026: 8 AI Tools You Need,https://raw.githubusercontent.com/ailbigshow59/aitoolsworth-pins/main/pin-15-5.png,Work From Home Jobs,,"Work from anywhere using AI tools that save you hours. The smart, step-by-step way to succeed at working from home with the best AI tools of 2026. Get all the steps and tools inside. #workfromhome #workfromhomejobs #remotework #makemoneyonline #onlinejobs",https://aitoolsworth.com/ai-tools-for-content-creation/,2026-07-09 22:00,workfromhome workfromhomejobs remotework makemoneyonline onlinejobs
9 Etsy Shop Ideas for Beginners (AI Tools Inside),https://raw.githubusercontent.com/ailbigshow59/aitoolsworth-pins/main/pin-16-1.png,Etsy Shop Ideas,,"Create products to sell on Etsy in minutes with AI. A simple, proven path to selling on Etsy — perfect for beginners. Tap to read the full guide. #etsy #etsyshop #digitalproducts #etsyseller #passiveincome",https://aitoolsworth.com/leonardo-ai-review/,2026-07-10 08:00,etsy etsyshop digitalproducts etsyseller passiveincome
Make Money Online While You Sleep — 12 AI Tools,https://raw.githubusercontent.com/ailbigshow59/aitoolsworth-pins/main/pin-16-2.png,Make Money Online,,"Start earning online today with free, beginner-friendly AI tools. Your beginner-friendly guide to making money online in 2026 — no experience needed. Click for the complete list of tools. #makemoneyonline #makemoney #onlinebusiness #sidehustle #aitools",https://aitoolsworth.com/best-ai-video-generators/,2026-07-10 14:00,makemoneyonline makemoney onlinebusiness sidehustle aitools
8 Digital Products You Can Create and Sell With AI,https://raw.githubusercontent.com/ailbigshow59/aitoolsworth-pins/main/pin-16-3.png,Digital Products to Sell,,"Create digital products once and sell them forever with AI. Everything you need to get started with selling digital products this year, using free AI tools. Save this and start today. #digitalproducts #digitalproductstosell #passiveincome #etsyseller #sellonline",https://aitoolsworth.com/best-ai-presentation-makers/,2026-07-10 16:00,digitalproducts digitalproductstosell passiveincome etsyseller sellonline
5 AI-Powered Passive Income Streams for Beginners,https://raw.githubusercontent.com/ailbigshow59/aitoolsworth-pins/main/pin-16-4.png,Passive Income Ideas,,"These AI tools do the heavy lifting so you earn on autopilot. The smart, step-by-step way to succeed at passive income with the best AI tools of 2026. Read the full breakdown on aitoolsworth.com. #passiveincome #passiveincomeideas #makemoneyonline #financialfreedom #aitools",https://aitoolsworth.com/best-ai-image-generators/,2026-07-10 20:00,passiveincome passiveincomeideas makemoneyonline financialfreedom aitools
No Skills? 9 AI Side Hustles Anyone Can Do,https://raw.githubusercontent.com/ailbigshow59/aitoolsworth-pins/main/pin-16-5.png,Side Hustle Ideas,,"Low effort, high upside — these AI side hustles fit any schedule. A simple, proven path to side hustles — perfect for beginners. Get all the steps and tools inside. #sidehustle #sidehustleideas #makemoneyonline #workfromhome #aitools",https://aitoolsworth.com/ai-tools-for-content-creation/,2026-07-10 22:00,sidehustle sidehustleideas makemoneyonline workfromhome aitools
Work From Home in 2026: 11 AI Tools You Need,https://raw.githubusercontent.com/ailbigshow59/aitoolsworth-pins/main/pin-17-1.png,Work From Home Jobs,,"Legit, flexible, and beginner-friendly — powered by AI. Your beginner-friendly guide to working from home in 2026 — no experience needed. Tap to read the full guide. #workfromhome #workfromhomejobs #remotework #makemoneyonline #onlinejobs",https://aitoolsworth.com/best-ai-writing-tools/,2026-07-11 08:00,workfromhome workfromhomejobs remotework makemoneyonline onlinejobs
7 Etsy Shop Ideas You Can Make With AI,https://raw.githubusercontent.com/ailbigshow59/aitoolsworth-pins/main/pin-17-2.png,Etsy Shop Ideas,,"Design once, sell forever — AI makes Etsy products easy. Everything you need to get started with selling on Etsy this year, using free AI tools. Click for the complete list of tools. #etsy #etsyshop #digitalproducts #etsyseller #passiveincome",https://aitoolsworth.com/best-ai-tools-2026/,2026-07-11 14:00,etsy etsyshop digitalproducts etsyseller passiveincome
6 Free AI Tools to Make Money Online,https://raw.githubusercontent.com/ailbigshow59/aitoolsworth-pins/main/pin-17-3.png,Make Money Online,,"No upfront cost — these AI tools help you make money online fast. The smart, step-by-step way to succeed at making money online with the best AI tools of 2026. Save this and start today. #makemoneyonline #makemoney #onlinebusiness #sidehustle #aitools",https://aitoolsworth.com/ai-tools-for-content-creation/,2026-07-11 16:00,makemoneyonline makemoney onlinebusiness sidehustle aitools
"Create Once, Sell Forever: 8 AI Digital Products",https://raw.githubusercontent.com/ailbigshow59/aitoolsworth-pins/main/pin-17-4.png,Digital Products to Sell,,"Templates, planners, ebooks and art — all made with AI. A simple, proven path to selling digital products — perfect for beginners. Read the full breakdown on aitoolsworth.com. #digitalproducts #digitalproductstosell #passiveincome #etsyseller #sellonline",https://aitoolsworth.com/gamma-review/,2026-07-11 20:00,digitalproducts digitalproductstosell passiveincome etsyseller sellonline
6 AI-Powered Passive Income Streams for Beginners,https://raw.githubusercontent.com/ailbigshow59/aitoolsworth-pins/main/pin-17-5.png,Passive Income Ideas,,Perfect for beginners who want passive income without a big budget. Your beginner-friendly guide to passive income in 2026 — no experience needed. Get all the steps and tools inside. #passiveincome #passiveincomeideas #makemoneyonline #financialfreedom #aitools,https://aitoolsworth.com/best-ai-writing-tools/,2026-07-11 22:00,passiveincome passiveincomeideas makemoneyonline financialfreedom aitools
11 Low-Effort AI Side Hustles for 2026,https://raw.githubusercontent.com/ailbigshow59/aitoolsworth-pins/main/pin-18-1.png,Side Hustle Ideas,,"Turn one hour a day into a real side income with AI. Everything you need to get started with side hustles this year, using free AI tools. Tap to read the full guide. #sidehustle #sidehustleideas #makemoneyonline #workfromhome #aitools",https://aitoolsworth.com/best-ai-tools-for-small-business/,2026-07-12 08:00,sidehustle sidehustleideas makemoneyonline workfromhome aitools
Work From Home in 2026: 12 AI Tools You Need,https://raw.githubusercontent.com/ailbigshow59/aitoolsworth-pins/main/pin-18-2.png,Work From Home Jobs,,"No commute, no boss — just you and a few smart AI tools. The smart, step-by-step way to succeed at working from home with the best AI tools of 2026. Click for the complete list of tools. #workfromhome #workfromhomejobs #remotework #makemoneyonline #onlinejobs",https://aitoolsworth.com/best-ai-chatbots/,2026-07-12 14:00,workfromhome workfromhomejobs remotework makemoneyonline onlinejobs
11 Etsy Digital Product Ideas Powered by AI,https://raw.githubusercontent.com/ailbigshow59/aitoolsworth-pins/main/pin-18-3.png,Etsy Shop Ideas,,"Stand out on Etsy with AI-made art, printables and listings. A simple, proven path to selling on Etsy — perfect for beginners. Save this and start today. #etsy #etsyshop #digitalproducts #etsyseller #passiveincome",https://aitoolsworth.com/ai-tools-for-content-creation/,2026-07-12 16:00,etsy etsyshop digitalproducts etsyseller passiveincome
5 AI Side Incomes You Can Start Online Today,https://raw.githubusercontent.com/ailbigshow59/aitoolsworth-pins/main/pin-18-4.png,Make Money Online,,"From zero to your first dollar online, powered by AI. Your beginner-friendly guide to making money online in 2026 — no experience needed. Read the full breakdown on aitoolsworth.com. #makemoneyonline #makemoney #onlinebusiness #sidehustle #aitools",https://aitoolsworth.com/best-ai-marketing-tools/,2026-07-12 20:00,makemoneyonline makemoney onlinebusiness sidehustle aitools
11 Profitable Digital Product Ideas Made With AI,https://raw.githubusercontent.com/ailbigshow59/aitoolsworth-pins/main/pin-18-5.png,Digital Products to Sell,,"The easiest digital products to create and sell using AI. Everything you need to get started with selling digital products this year, using free AI tools. Get all the steps and tools inside. #digitalproducts #digitalproductstosell #passiveincome #etsyseller #sellonline",https://aitoolsworth.com/best-ai-tools-2026/,2026-07-12 22:00,digitalproducts digitalproductstosell passiveincome etsyseller sellonline
11 Passive Income Ideas That Run on Autopilot With AI,https://raw.githubusercontent.com/ailbigshow59/aitoolsworth-pins/main/pin-19-1.png,Passive Income Ideas,,"Build income that works while you sleep using free AI tools. The smart, step-by-step way to succeed at passive income with the best AI tools of 2026. Tap to read the full guide. #passiveincome #passiveincomeideas #makemoneyonline #financialfreedom #aitools",https://aitoolsworth.com/best-free-ai-tools/,2026-07-13 08:00,passiveincome passiveincomeideas makemoneyonline financialfreedom aitools
AI Side Hustles for Busy Moms: 6 Ideas That Work,https://raw.githubusercontent.com/ailbigshow59/aitoolsworth-pins/main/pin-19-2.png,Side Hustle Ideas,,"Start from home with zero experience and a few free AI tools. A simple, proven path to side hustles — perfect for beginners. Click for the complete list of tools. #sidehustle #sidehustleideas #makemoneyonline #workfromhome #aitools",https://aitoolsworth.com/best-free-ai-tools/,2026-07-13 14:00,sidehustle sidehustleideas makemoneyonline workfromhome aitools
Quit the 9-5: 6 AI Work-From-Home Ideas,https://raw.githubusercontent.com/ailbigshow59/aitoolsworth-pins/main/pin-19-3.png,Work From Home Jobs,,Work from anywhere using AI tools that save you hours. Your beginner-friendly guide to working from home in 2026 — no experience needed. Save this and start today. #workfromhome #workfromhomejobs #remotework #makemoneyonline #onlinejobs,https://aitoolsworth.com/best-ai-tools-for-small-business/,2026-07-13 16:00,workfromhome workfromhomejobs remotework makemoneyonline onlinejobs
11 Etsy Shop Ideas You Can Make With AI,https://raw.githubusercontent.com/ailbigshow59/aitoolsworth-pins/main/pin-19-4.png,Etsy Shop Ideas,,"Create products to sell on Etsy in minutes with AI. Everything you need to get started with selling on Etsy this year, using free AI tools. Read the full breakdown on aitoolsworth.com. #etsy #etsyshop #digitalproducts #etsyseller #passiveincome",https://aitoolsworth.com/best-ai-image-generators/,2026-07-13 20:00,etsy etsyshop digitalproducts etsyseller passiveincome
9 Free AI Tools to Make Money Online,https://raw.githubusercontent.com/ailbigshow59/aitoolsworth-pins/main/pin-19-5.png,Make Money Online,,"Start earning online today with free, beginner-friendly AI tools. The smart, step-by-step way to succeed at making money online with the best AI tools of 2026. Get all the steps and tools inside. #makemoneyonline #makemoney #onlinebusiness #sidehustle #aitools",https://aitoolsworth.com/best-free-ai-tools/,2026-07-13 22:00,makemoneyonline makemoney onlinebusiness sidehustle aitools
10 Profitable Digital Product Ideas Made With AI,https://raw.githubusercontent.com/ailbigshow59/aitoolsworth-pins/main/pin-20-1.png,Digital Products to Sell,,"Create digital products once and sell them forever with AI. A simple, proven path to selling digital products — perfect for beginners. Tap to read the full guide. #digitalproducts #digitalproductstosell #passiveincome #etsyseller #sellonline",https://aitoolsworth.com/best-ai-image-generators/,2026-07-14 08:00,digitalproducts digitalproductstosell passiveincome etsyseller sellonline
No Money? 10 Passive Income Ideas You Can Start Free,https://raw.githubusercontent.com/ailbigshow59/aitoolsworth-pins/main/pin-20-2.png,Passive Income Ideas,,These AI tools do the heavy lifting so you earn on autopilot. Your beginner-friendly guide to passive income in 2026 — no experience needed. Click for the complete list of tools. #passiveincome #passiveincomeideas #makemoneyonline #financialfreedom #aitools,https://aitoolsworth.com/ai-tools-for-content-creation/,2026-07-14 14:00,passiveincome passiveincomeideas makemoneyonline financialfreedom aitools
6 Low-Effort AI Side Hustles for 2026,https://raw.githubusercontent.com/ailbigshow59/aitoolsworth-pins/main/pin-20-3.png,Side Hustle Ideas,,"Low effort, high upside — these AI side hustles fit any schedule. Everything you need to get started with side hustles this year, using free AI tools. Save this and start today. #sidehustle #sidehustleideas #makemoneyonline #workfromhome #aitools",https://aitoolsworth.com/best-ai-video-generators/,2026-07-14 16:00,sidehustle sidehustleideas makemoneyonline workfromhome aitools
5 Remote Income Ideas Powered by AI,https://raw.githubusercontent.com/ailbigshow59/aitoolsworth-pins/main/pin-20-4.png,Work From Home Jobs,,"Legit, flexible, and beginner-friendly — powered by AI. The smart, step-by-step way to succeed at working from home with the best AI tools of 2026. Read the full breakdown on aitoolsworth.com. #workfromhome #workfromhomejobs #remotework #makemoneyonline #onlinejobs",https://aitoolsworth.com/best-free-ai-tools/,2026-07-14 20:00,workfromhome workfromhomejobs remotework makemoneyonline onlinejobs
8 Etsy Shop Ideas You Can Make With AI,https://raw.githubusercontent.com/ailbigshow59/aitoolsworth-pins/main/pin-20-5.png,Etsy Shop Ideas,,"Design once, sell forever — AI makes Etsy products easy. A simple, proven path to selling on Etsy — perfect for beginners. Get all the steps and tools inside. #etsy #etsyshop #digitalproducts #etsyseller #passiveincome",https://aitoolsworth.com/midjourney-review/,2026-07-14 22:00,etsy etsyshop digitalproducts etsyseller passiveincome
6 Proven Ways to Make Money Online Using AI,https://raw.githubusercontent.com/ailbigshow59/aitoolsworth-pins/main/pin-21-1.png,Make Money Online,,No upfront cost — these AI tools help you make money online fast. Your beginner-friendly guide to making money online in 2026 — no experience needed. Tap to read the full guide. #makemoneyonline #makemoney #onlinebusiness #sidehustle #aitools,https://aitoolsworth.com/best-ai-writing-tools/,2026-07-15 08:00,makemoneyonline makemoney onlinebusiness sidehustle aitools
12 Easy Digital Products You Can Make With AI Today,https://raw.githubusercontent.com/ailbigshow59/aitoolsworth-pins/main/pin-21-2.png,Digital Products to Sell,,"Templates, planners, ebooks and art — all made with AI. Everything you need to get started with selling digital products this year, using free AI tools. Click for the complete list of tools. #digitalproducts #digitalproductstosell #passiveincome #etsyseller #sellonline",https://aitoolsworth.com/best-ai-writing-tools/,2026-07-15 14:00,digitalproducts digitalproductstosell passiveincome etsyseller sellonline
12 Passive Income Ideas You Can Start With AI,https://raw.githubusercontent.com/ailbigshow59/aitoolsworth-pins/main/pin-21-3.png,Passive Income Ideas,,"Perfect for beginners who want passive income without a big budget. The smart, step-by-step way to succeed at passive income with the best AI tools of 2026. Save this and start today. #passiveincome #passiveincomeideas #makemoneyonline #financialfreedom #aitools",https://aitoolsworth.com/best-ai-tools-2026/,2026-07-15 16:00,passiveincome passiveincomeideas makemoneyonline financialfreedom aitools
5 Low-Effort AI Side Hustles for 2026,https://raw.githubusercontent.com/ailbigshow59/aitoolsworth-pins/main/pin-21-4.png,Side Hustle Ideas,,"Turn one hour a day into a real side income with AI. A simple, proven path to side hustles — perfect for beginners. Read the full breakdown on aitoolsworth.com. #sidehustle #sidehustleideas #makemoneyonline #workfromhome #aitools",https://aitoolsworth.com/best-ai-image-generators/,2026-07-15 20:00,sidehustle sidehustleideas makemoneyonline workfromhome aitools
9 Remote Income Ideas Powered by AI,https://raw.githubusercontent.com/ailbigshow59/aitoolsworth-pins/main/pin-21-5.png,Work From Home Jobs,,"No commute, no boss — just you and a few smart AI tools. Your beginner-friendly guide to working from home in 2026 — no experience needed. Get all the steps and tools inside. #workfromhome #workfromhomejobs #remotework #makemoneyonline #onlinejobs",https://aitoolsworth.com/ai-tools-for-content-creation/,2026-07-15 22:00,workfromhome workfromhomejobs remotework makemoneyonline onlinejobs
5 Etsy Shop Ideas You Can Make With AI,https://raw.githubusercontent.com/ailbigshow59/aitoolsworth-pins/main/pin-22-1.png,Etsy Shop Ideas,,"Stand out on Etsy with AI-made art, printables and listings. Everything you need to get started with selling on Etsy this year, using free AI tools. Tap to read the full guide. #etsy #etsyshop #digitalproducts #etsyseller #passiveincome",https://aitoolsworth.com/leonardo-ai-review/,2026-07-16 08:00,etsy etsyshop digitalproducts etsyseller passiveincome
Make Money Online While You Sleep — 9 AI Tools,https://raw.githubusercontent.com/ailbigshow59/aitoolsworth-pins/main/pin-22-2.png,Make Money Online,,"From zero to your first dollar online, powered by AI. The smart, step-by-step way to succeed at making money online with the best AI tools of 2026. Click for the complete list of tools. #makemoneyonline #makemoney #onlinebusiness #sidehustle #aitools",https://aitoolsworth.com/best-ai-video-generators/,2026-07-16 14:00,makemoneyonline makemoney onlinebusiness sidehustle aitools
11 Easy Digital Products You Can Make With AI Today,https://raw.githubusercontent.com/ailbigshow59/aitoolsworth-pins/main/pin-22-3.png,Digital Products to Sell,,"The easiest digital products to create and sell using AI. A simple, proven path to selling digital products — perfect for beginners. Save this and start today. #digitalproducts #digitalproductstosell #passiveincome #etsyseller #sellonline",https://aitoolsworth.com/best-ai-presentation-makers/,2026-07-16 16:00,digitalproducts digitalproductstosell passiveincome etsyseller sellonline
Make Money While You Sleep — 10 AI Tools to Try,https://raw.githubusercontent.com/ailbigshow59/aitoolsworth-pins/main/pin-22-4.png,Passive Income Ideas,,Build income that works while you sleep using free AI tools. Your beginner-friendly guide to passive income in 2026 — no experience needed. Read the full breakdown on aitoolsworth.com. #passiveincome #passiveincomeideas #makemoneyonline #financialfreedom #aitools,https://aitoolsworth.com/best-ai-image-generators/,2026-07-16 20:00,passiveincome passiveincomeideas makemoneyonline financialfreedom aitools
6 AI Side Hustles You Can Start From Home in 2026,https://raw.githubusercontent.com/ailbigshow59/aitoolsworth-pins/main/pin-22-5.png,Side Hustle Ideas,,"Start from home with zero experience and a few free AI tools. Everything you need to get started with side hustles this year, using free AI tools. Get all the steps and tools inside. #sidehustle #sidehustleideas #makemoneyonline #workfromhome #aitools",https://aitoolsworth.com/ai-tools-for-content-creation/,2026-07-16 22:00,sidehustle sidehustleideas makemoneyonline workfromhome aitools
Work From Home for Students: 8 AI-Powered Ideas,https://raw.githubusercontent.com/ailbigshow59/aitoolsworth-pins/main/pin-23-1.png,Work From Home Jobs,,"Work from anywhere using AI tools that save you hours. The smart, step-by-step way to succeed at working from home with the best AI tools of 2026. Tap to read the full guide. #workfromhome #workfromhomejobs #remotework #makemoneyonline #onlinejobs",https://aitoolsworth.com/best-ai-writing-tools/,2026-07-17 08:00,workfromhome workfromhomejobs remotework makemoneyonline onlinejobs
7 Etsy Digital Product Ideas Powered by AI,https://raw.githubusercontent.com/ailbigshow59/aitoolsworth-pins/main/pin-23-2.png,Etsy Shop Ideas,,"Create products to sell on Etsy in minutes with AI. A simple, proven path to selling on Etsy — perfect for beginners. Click for the complete list of tools. #etsy #etsyshop #digitalproducts #etsyseller #passiveincome",https://aitoolsworth.com/best-ai-tools-2026/,2026-07-17 14:00,etsy etsyshop digitalproducts etsyseller passiveincome
Make Money Online for Women: 12 AI Methods,https://raw.githubusercontent.com/ailbigshow59/aitoolsworth-pins/main/pin-23-3.png,Make Money Online,,"Start earning online today with free, beginner-friendly AI tools. Your beginner-friendly guide to making money online in 2026 — no experience needed. Save this and start today. #makemoneyonline #makemoney #onlinebusiness #sidehustle #aitools",https://aitoolsworth.com/ai-tools-for-content-creation/,2026-07-17 16:00,makemoneyonline makemoney onlinebusiness sidehustle aitools
"Create Once, Sell Forever: 11 AI Digital Products",https://raw.githubusercontent.com/ailbigshow59/aitoolsworth-pins/main/pin-23-4.png,Digital Products to Sell,,"Create digital products once and sell them forever with AI. Everything you need to get started with selling digital products this year, using free AI tools. Read the full breakdown on aitoolsworth.com. #digitalproducts #digitalproductstosell #passiveincome #etsyseller #sellonline",https://aitoolsworth.com/gamma-review/,2026-07-17 20:00,digitalproducts digitalproductstosell passiveincome etsyseller sellonline
6 Passive Income Ideas You Can Start With AI,https://raw.githubusercontent.com/ailbigshow59/aitoolsworth-pins/main/pin-23-5.png,Passive Income Ideas,,"These AI tools do the heavy lifting so you earn on autopilot. The smart, step-by-step way to succeed at passive income with the best AI tools of 2026. Get all the steps and tools inside. #passiveincome #passiveincomeideas #makemoneyonline #financialfreedom #aitools",https://aitoolsworth.com/best-ai-writing-tools/,2026-07-17 22:00,passiveincome passiveincomeideas makemoneyonline financialfreedom aitools
No Skills? 8 AI Side Hustles Anyone Can Do,https://raw.githubusercontent.com/ailbigshow59/aitoolsworth-pins/main/pin-24-1.png,Side Hustle Ideas,,"Low effort, high upside — these AI side hustles fit any schedule. A simple, proven path to side hustles — perfect for beginners. Tap to read the full guide. #sidehustle #sidehustleideas #makemoneyonline #workfromhome #aitools",https://aitoolsworth.com/best-ai-tools-for-small-business/,2026-07-18 08:00,sidehustle sidehustleideas makemoneyonline workfromhome aitools
7 Remote Income Ideas Powered by AI,https://raw.githubusercontent.com/ailbigshow59/aitoolsworth-pins/main/pin-24-2.png,Work From Home Jobs,,"Legit, flexible, and beginner-friendly — powered by AI. Your beginner-friendly guide to working from home in 2026 — no experience needed. Click for the complete list of tools. #workfromhome #workfromhomejobs #remotework #makemoneyonline #onlinejobs",https://aitoolsworth.com/best-ai-chatbots/,2026-07-18 14:00,workfromhome workfromhomejobs remotework makemoneyonline onlinejobs
7 Profitable Etsy Products You Can Create With AI,https://raw.githubusercontent.com/ailbigshow59/aitoolsworth-pins/main/pin-24-3.png,Etsy Shop Ideas,,"Design once, sell forever — AI makes Etsy products easy. Everything you need to get started with selling on Etsy this year, using free AI tools. Save this and start today. #etsy #etsyshop #digitalproducts #etsyseller #passiveincome",https://aitoolsworth.com/ai-tools-for-content-creation/,2026-07-18 16:00,etsy etsyshop digitalproducts etsyseller passiveincome
No Budget? 7 Ways to Make Money Online With Free AI,https://raw.githubusercontent.com/ailbigshow59/aitoolsworth-pins/main/pin-24-4.png,Make Money Online,,"No upfront cost — these AI tools help you make money online fast. The smart, step-by-step way to succeed at making money online with the best AI tools of 2026. Read the full breakdown on aitoolsworth.com. #makemoneyonline #makemoney #onlinebusiness #sidehustle #aitools",https://aitoolsworth.com/best-ai-marketing-tools/,2026-07-18 20:00,makemoneyonline makemoney onlinebusiness sidehustle aitools
11 Digital Products You Can Create and Sell With AI,https://raw.githubusercontent.com/ailbigshow59/aitoolsworth-pins/main/pin-24-5.png,Digital Products to Sell,,"Templates, planners, ebooks and art — all made with AI. A simple, proven path to selling digital products — perfect for beginners. Get all the steps and tools inside. #digitalproducts #digitalproductstosell #passiveincome #etsyseller #sellonline",https://aitoolsworth.com/best-ai-tools-2026/,2026-07-18 22:00,digitalproducts digitalproductstosell passiveincome etsyseller sellonline
Make Money While You Sleep — 8 AI Tools to Try,https://raw.githubusercontent.com/ailbigshow59/aitoolsworth-pins/main/pin-25-1.png,Passive Income Ideas,,Perfect for beginners who want passive income without a big budget. Your beginner-friendly guide to passive income in 2026 — no experience needed. Tap to read the full guide. #passiveincome #passiveincomeideas #makemoneyonline #financialfreedom #aitools,https://aitoolsworth.com/best-free-ai-tools/,2026-07-19 08:00,passiveincome passiveincomeideas makemoneyonline financialfreedom aitools
9 Side Hustle Ideas That Use Free AI Tools,https://raw.githubusercontent.com/ailbigshow59/aitoolsworth-pins/main/pin-25-2.png,Side Hustle Ideas,,"Turn one hour a day into a real side income with AI. Everything you need to get started with side hustles this year, using free AI tools. Click for the complete list of tools. #sidehustle #sidehustleideas #makemoneyonline #workfromhome #aitools",https://aitoolsworth.com/best-free-ai-tools/,2026-07-19 14:00,sidehustle sidehustleideas makemoneyonline workfromhome aitools
6 Work-From-Home Jobs Made Easy With AI,https://raw.githubusercontent.com/ailbigshow59/aitoolsworth-pins/main/pin-25-3.png,Work From Home Jobs,,"No commute, no boss — just you and a few smart AI tools. The smart, step-by-step way to succeed at working from home with the best AI tools of 2026. Save this and start today. #workfromhome #workfromhomejobs #remotework #makemoneyonline #onlinejobs",https://aitoolsworth.com/best-ai-tools-for-small-business/,2026-07-19 16:00,workfromhome workfromhomejobs remotework makemoneyonline onlinejobs
12 AI-Made Products That Sell on Etsy,https://raw.githubusercontent.com/ailbigshow59/aitoolsworth-pins/main/pin-25-4.png,Etsy Shop Ideas,,"Stand out on Etsy with AI-made art, printables and listings. A simple, proven path to selling on Etsy — perfect for beginners. Read the full breakdown on aitoolsworth.com. #etsy #etsyshop #digitalproducts #etsyseller #passiveincome",https://aitoolsworth.com/best-ai-image-generators/,2026-07-19 20:00,etsy etsyshop digitalproducts etsyseller passiveincome
7 AI Side Incomes You Can Start Online Today,https://raw.githubusercontent.com/ailbigshow59/aitoolsworth-pins/main/pin-25-5.png,Make Money Online,,"From zero to your first dollar online, powered by AI. Your beginner-friendly guide to making money online in 2026 — no experience needed. Get all the steps and tools inside. #makemoneyonline #makemoney #onlinebusiness #sidehustle #aitools",https://aitoolsworth.com/best-free-ai-tools/,2026-07-19 22:00,makemoneyonline makemoney onlinebusiness sidehustle aitools
12 AI-Made Digital Products People Actually Buy,https://raw.githubusercontent.com/ailbigshow59/aitoolsworth-pins/main/pin-26-1.png,Digital Products to Sell,,"The easiest digital products to create and sell using AI. Everything you need to get started with selling digital products this year, using free AI tools. Tap to read the full guide. #digitalproducts #digitalproductstosell #passiveincome #etsyseller #sellonline",https://aitoolsworth.com/best-ai-image-generators/,2026-07-20 08:00,digitalproducts digitalproductstosell passiveincome etsyseller sellonline
7 Passive Income Ideas That Run on Autopilot With AI,https://raw.githubusercontent.com/ailbigshow59/aitoolsworth-pins/main/pin-26-2.png,Passive Income Ideas,,"Build income that works while you sleep using free AI tools. The smart, step-by-step way to succeed at passive income with the best AI tools of 2026. Click for the complete list of tools. #passiveincome #passiveincomeideas #makemoneyonline #financialfreedom #aitools",https://aitoolsworth.com/ai-tools-for-content-creation/,2026-07-20 14:00,passiveincome passiveincomeideas makemoneyonline financialfreedom aitools
11 Beginner-Friendly AI Side Hustles That Actually Pay,https://raw.githubusercontent.com/ailbigshow59/aitoolsworth-pins/main/pin-26-3.png,Side Hustle Ideas,,"Start from home with zero experience and a few free AI tools. A simple, proven path to side hustles — perfect for beginners. Save this and start today. #sidehustle #sidehustleideas #makemoneyonline #workfromhome #aitools",https://aitoolsworth.com/best-ai-video-generators/,2026-07-20 16:00,sidehustle sidehustleideas makemoneyonline workfromhome aitools
Quit the 9-5: 11 AI Work-From-Home Ideas,https://raw.githubusercontent.com/ailbigshow59/aitoolsworth-pins/main/pin-26-4.png,Work From Home Jobs,,Work from anywhere using AI tools that save you hours. Your beginner-friendly guide to working from home in 2026 — no experience needed. Read the full breakdown on aitoolsworth.com. #workfromhome #workfromhomejobs #remotework #makemoneyonline #onlinejobs,https://aitoolsworth.com/best-free-ai-tools/,2026-07-20 20:00,workfromhome workfromhomejobs remotework makemoneyonline onlinejobs
AI + Etsy = Passive Income: 6 Ideas to Try,https://raw.githubusercontent.com/ailbigshow59/aitoolsworth-pins/main/pin-26-5.png,Etsy Shop Ideas,,"Create products to sell on Etsy in minutes with AI. Everything you need to get started with selling on Etsy this year, using free AI tools. Get all the steps and tools inside. #etsy #etsyshop #digitalproducts #etsyseller #passiveincome",https://aitoolsworth.com/midjourney-review/,2026-07-20 22:00,etsy etsyshop digitalproducts etsyseller passiveincome
8 AI Side Incomes You Can Start Online Today,https://raw.githubusercontent.com/ailbigshow59/aitoolsworth-pins/main/pin-27-1.png,Make Money Online,,"Start earning online today with free, beginner-friendly AI tools. The smart, step-by-step way to succeed at making money online with the best AI tools of 2026. Tap to read the full guide. #makemoneyonline #makemoney #onlinebusiness #sidehustle #aitools",https://aitoolsworth.com/best-ai-writing-tools/,2026-07-21 08:00,makemoneyonline makemoney onlinebusiness sidehustle aitools
"Create Once, Sell Forever: 10 AI Digital Products",https://raw.githubusercontent.com/ailbigshow59/aitoolsworth-pins/main/pin-27-2.png,Digital Products to Sell,,"Create digital products once and sell them forever with AI. A simple, proven path to selling digital products — perfect for beginners. Click for the complete list of tools. #digitalproducts #digitalproductstosell #passiveincome #etsyseller #sellonline",https://aitoolsworth.com/best-ai-writing-tools/,2026-07-21 14:00,digitalproducts digitalproductstosell passiveincome etsyseller sellonline
7 Passive Income Ideas You Can Start With AI,https://raw.githubusercontent.com/ailbigshow59/aitoolsworth-pins/main/pin-27-3.png,Passive Income Ideas,,These AI tools do the heavy lifting so you earn on autopilot. Your beginner-friendly guide to passive income in 2026 — no experience needed. Save this and start today. #passiveincome #passiveincomeideas #makemoneyonline #financialfreedom #aitools,https://aitoolsworth.com/best-ai-tools-2026/,2026-07-21 16:00,passiveincome passiveincomeideas makemoneyonline financialfreedom aitools
No Skills? 5 AI Side Hustles Anyone Can Do,https://raw.githubusercontent.com/ailbigshow59/aitoolsworth-pins/main/pin-27-4.png,Side Hustle Ideas,,"Low effort, high upside — these AI side hustles fit any schedule. Everything you need to get started with side hustles this year, using free AI tools. Read the full breakdown on aitoolsworth.com. #sidehustle #sidehustleideas #makemoneyonline #workfromhome #aitools",https://aitoolsworth.com/best-ai-image-generators/,2026-07-21 20:00,sidehustle sidehustleideas makemoneyonline workfromhome aitools
Work From Home for Students: 12 AI-Powered Ideas,https://raw.githubusercontent.com/ailbigshow59/aitoolsworth-pins/main/pin-27-5.png,Work From Home Jobs,,"Legit, flexible, and beginner-friendly — powered by AI. The smart, step-by-step way to succeed at working from home with the best AI tools of 2026. Get all the steps and tools inside. #workfromhome #workfromhomejobs #remotework #makemoneyonline #onlinejobs",https://aitoolsworth.com/ai-tools-for-content-creation/,2026-07-21 22:00,workfromhome workfromhomejobs remotework makemoneyonline onlinejobs
9 Profitable Etsy Products You Can Create With AI,https://raw.githubusercontent.com/ailbigshow59/aitoolsworth-pins/main/pin-28-1.png,Etsy Shop Ideas,,"Design once, sell forever — AI makes Etsy products easy. A simple, proven path to selling on Etsy — perfect for beginners. Tap to read the full guide. #etsy #etsyshop #digitalproducts #etsyseller #passiveincome",https://aitoolsworth.com/leonardo-ai-review/,2026-07-22 08:00,etsy etsyshop digitalproducts etsyseller passiveincome
5 Free AI Tools to Make Money Online,https://raw.githubusercontent.com/ailbigshow59/aitoolsworth-pins/main/pin-28-2.png,Make Money Online,,No upfront cost — these AI tools help you make money online fast. Your beginner-friendly guide to making money online in 2026 — no experience needed. Click for the complete list of tools. #makemoneyonline #makemoney #onlinebusiness #sidehustle #aitools,https://aitoolsworth.com/best-ai-video-generators/,2026-07-22 14:00,makemoneyonline makemoney onlinebusiness sidehustle aitools
7 AI-Made Digital Products People Actually Buy,https://raw.githubusercontent.com/ailbigshow59/aitoolsworth-pins/main/pin-28-3.png,Digital Products to Sell,,"Templates, planners, ebooks and art — all made with AI. Everything you need to get started with selling digital products this year, using free AI tools. Save this and start today. #digitalproducts #digitalproductstosell #passiveincome #etsyseller #sellonline",https://aitoolsworth.com/best-ai-presentation-makers/,2026-07-22 16:00,digitalproducts digitalproductstosell passiveincome etsyseller sellonline
Passive Income for Beginners: 7 AI Ideas That Work,https://raw.githubusercontent.com/ailbigshow59/aitoolsworth-pins/main/pin-28-4.png,Passive Income Ideas,,"Perfect for beginners who want passive income without a big budget. The smart, step-by-step way to succeed at passive income with the best AI tools of 2026. Read the full breakdown on aitoolsworth.com. #passiveincome #passiveincomeideas #makemoneyonline #financialfreedom #aitools",https://aitoolsworth.com/best-ai-image-generators/,2026-07-22 20:00,passiveincome passiveincomeideas makemoneyonline financialfreedom aitools
AI Side Hustles for Teens: 8 Ideas That Work,https://raw.githubusercontent.com/ailbigshow59/aitoolsworth-pins/main/pin-28-5.png,Side Hustle Ideas,,"Turn one hour a day into a real side income with AI. A simple, proven path to side hustles — perfect for beginners. Get all the steps and tools inside. #sidehustle #sidehustleideas #makemoneyonline #workfromhome #aitools",https://aitoolsworth.com/ai-tools-for-content-creation/,2026-07-22 22:00,sidehustle sidehustleideas makemoneyonline workfromhome aitools
Work From Home for 2026: 6 AI-Powered Ideas,https://raw.githubusercontent.com/ailbigshow59/aitoolsworth-pins/main/pin-29-1.png,Work From Home Jobs,,"No commute, no boss — just you and a few smart AI tools. Your beginner-friendly guide to working from home in 2026 — no experience needed. Tap to read the full guide. #workfromhome #workfromhomejobs #remotework #makemoneyonline #onlinejobs",https://aitoolsworth.com/best-ai-writing-tools/,2026-07-23 08:00,workfromhome workfromhomejobs remotework makemoneyonline onlinejobs
AI + Etsy = Passive Income: 9 Ideas to Try,https://raw.githubusercontent.com/ailbigshow59/aitoolsworth-pins/main/pin-29-2.png,Etsy Shop Ideas,,"Stand out on Etsy with AI-made art, printables and listings. Everything you need to get started with selling on Etsy this year, using free AI tools. Click for the complete list of tools. #etsy #etsyshop #digitalproducts #etsyseller #passiveincome",https://aitoolsworth.com/best-ai-tools-2026/,2026-07-23 14:00,etsy etsyshop digitalproducts etsyseller passiveincome
12 AI Side Incomes You Can Start Online Today,https://raw.githubusercontent.com/ailbigshow59/aitoolsworth-pins/main/pin-29-3.png,Make Money Online,,"From zero to your first dollar online, powered by AI. The smart, step-by-step way to succeed at making money online with the best AI tools of 2026. Save this and start today. #makemoneyonline #makemoney #onlinebusiness #sidehustle #aitools",https://aitoolsworth.com/ai-tools-for-content-creation/,2026-07-23 16:00,makemoneyonline makemoney onlinebusiness sidehustle aitools
"Create Once, Sell Forever: 9 AI Digital Products",https://raw.githubusercontent.com/ailbigshow59/aitoolsworth-pins/main/pin-29-4.png,Digital Products to Sell,,"The easiest digital products to create and sell using AI. A simple, proven path to selling digital products — perfect for beginners. Read the full breakdown on aitoolsworth.com. #digitalproducts #digitalproductstosell #passiveincome #etsyseller #sellonline",https://aitoolsworth.com/gamma-review/,2026-07-23 20:00,digitalproducts digitalproductstosell passiveincome etsyseller sellonline
No Money? 6 Passive Income Ideas You Can Start Free,https://raw.githubusercontent.com/ailbigshow59/aitoolsworth-pins/main/pin-29-5.png,Passive Income Ideas,,Build income that works while you sleep using free AI tools. Your beginner-friendly guide to passive income in 2026 — no experience needed. Get all the steps and tools inside. #passiveincome #passiveincomeideas #makemoneyonline #financialfreedom #aitools,https://aitoolsworth.com/best-ai-writing-tools/,2026-07-23 22:00,passiveincome passiveincomeideas makemoneyonline financialfreedom aitools
Side Hustle From Home: 11 AI Ideas to Start Today,https://raw.githubusercontent.com/ailbigshow59/aitoolsworth-pins/main/pin-30-1.png,Side Hustle Ideas,,"Start from home with zero experience and a few free AI tools. Everything you need to get started with side hustles this year, using free AI tools. Tap to read the full guide. #sidehustle #sidehustleideas #makemoneyonline #workfromhome #aitools",https://aitoolsworth.com/best-ai-tools-for-small-business/,2026-07-24 08:00,sidehustle sidehustleideas makemoneyonline workfromhome aitools
10 Flexible Work-From-Home Jobs Using Free AI,https://raw.githubusercontent.com/ailbigshow59/aitoolsworth-pins/main/pin-30-2.png,Work From Home Jobs,,"Work from anywhere using AI tools that save you hours. The smart, step-by-step way to succeed at working from home with the best AI tools of 2026. Click for the complete list of tools. #workfromhome #workfromhomejobs #remotework #makemoneyonline #onlinejobs",https://aitoolsworth.com/best-ai-chatbots/,2026-07-24 14:00,workfromhome workfromhomejobs remotework makemoneyonline onlinejobs
8 Etsy Digital Product Ideas Powered by AI,https://raw.githubusercontent.com/ailbigshow59/aitoolsworth-pins/main/pin-30-3.png,Etsy Shop Ideas,,"Create products to sell on Etsy in minutes with AI. A simple, proven path to selling on Etsy — perfect for beginners. Save this and start today. #etsy #etsyshop #digitalproducts #etsyseller #passiveincome",https://aitoolsworth.com/ai-tools-for-content-creation/,2026-07-24 16:00,etsy etsyshop digitalproducts etsyseller passiveincome
10 Proven Ways to Make Money Online Using AI,https://raw.githubusercontent.com/ailbigshow59/aitoolsworth-pins/main/pin-30-4.png,Make Money Online,,"Start earning online today with free, beginner-friendly AI tools. Your beginner-friendly guide to making money online in 2026 — no experience needed. Read the full breakdown on aitoolsworth.com. #makemoneyonline #makemoney #onlinebusiness #sidehustle #aitools",https://aitoolsworth.com/best-ai-marketing-tools/,2026-07-24 20:00,makemoneyonline makemoney onlinebusiness sidehustle aitools
6 AI-Made Digital Products People Actually Buy,https://raw.githubusercontent.com/ailbigshow59/aitoolsworth-pins/main/pin-30-5.png,Digital Products to Sell,,"Create digital products once and sell them forever with AI. Everything you need to get started with selling digital products this year, using free AI tools. Get all the steps and tools inside. #digitalproducts #digitalproductstosell #passiveincome #etsyseller #sellonline",https://aitoolsworth.com/best-ai-tools-2026/,2026-07-24 22:00,digitalproducts digitalproductstosell passiveincome etsyseller sellonline
